{
  "globalDependencies": {
    "body-parser": "registry:dt/body-parser#0.0.0+20160619023215",
    "cookie-parser": "registry:dt/cookie-parser#1.3.4+20160316155526",
    "core-js": "registry:dt/core-js#0.0.0+20160602141332",
    "express": "registry:dt/express#4.0.0+20160708185218",
    "express-serve-static-core": "registry:dt/express-serve-static-core#4.0.0+20160715232503",
    "express-session": "registry:dt/express-session#0.0.0+20160331200931",
    "mime": "registry:dt/mime#0.0.0+20160316155526",
    "node": "registry:dt/node#6.0.0+20160720070758",
    "serve-favicon": "registry:dt/serve-favicon#0.0.0+20160316155526",
    "serve-static": "registry:dt/serve-static#0.0.0+20160606155157"
  }
}
